  0 ;	53 ;	0010-03-17T23:06:49 ;	1 ;	 67 ;	 7
  1 ;	20 ;	0010-03-22T01:13:07 ;	1 ;	193 ;	 1
  2 ;	66 ;	0010-05-01T19:08:27 ;	4 ;	 87 ;	 1 ;	 23 ;	 1 ;	 99 ;	 5 ;	142 ;	 4
  3 ;	 2 ;	0010-05-19T07:16:07 ;	2 ;	 21 ;	11 ;	 77 ;	 1
  4 ;	61 ;	0010-05-22T05:33:03 ;	5 ;	  9 ;	 1 ;	147 ;	 1 ;	123 ;	 2 ;	147 ;	 1 ;	 52 ;	 1
  5 ;	28 ;	0010-06-04T15:01:53 ;	3 ;	 68 ;	 1 ;	151 ;	 1 ;	169 ;	 6
  6 ;	66 ;	0010-06-07T00:14:26 ;	4 ;	 95 ;	 1 ;	122 ;	 1 ;	  9 ;	 1 ;	 96 ;	 6
  7 ;	 6 ;	0010-06-10T19:53:45 ;	5 ;	160 ;	 4 ;	105 ;	 6 ;	 36 ;	 1 ;	 46 ;	 6 ;	152 ;	 1
  8 ;	45 ;	0010-06-19T12:51:24 ;	5 ;	187 ;	11 ;	158 ;	 1 ;	145 ;	 1 ;	174 ;	 7 ;	 44 ;	 1
  9 ;	36 ;	0010-06-30T21:45:04 ;	1 ;	  3 ;	 1
 10 ;	30 ;	0010-07-13T15:54:38 ;	2 ;	193 ;	 1 ;	132 ;	 2
 11 ;	84 ;	0010-07-13T22:10:46 ;	1 ;	 20 ;	 8
 12 ;	65 ;	0010-07-18T23:11:01 ;	5 ;	 98 ;	 5 ;	 24 ;	 1 ;	174 ;	 1 ;	 36 ;	 1 ;	103 ;	 1
 13 ;	22 ;	0010-07-28T12:31:01 ;	5 ;	158 ;	 1 ;	 80 ;	 1 ;	129 ;	 8 ;	 65 ;	 1 ;	 58 ;	 1
 14 ;	76 ;	0010-07-30T17:51:33 ;	1 ;	 17 ;	 1
 15 ;	 6 ;	0010-08-11T04:34:09 ;	2 ;	132 ;	 2 ;	 14 ;	 1
 16 ;	69 ;	0010-08-17T14:44:51 ;	2 ;	 92 ;	 6 ;	  3 ;	 1
 17 ;	56 ;	0010-08-22T05:00:54 ;	4 ;	126 ;	 4 ;	  0 ;	 2 ;	167 ;	 1 ;	119 ;	 1
 18 ;	81 ;	0010-08-25T17:28:37 ;	2 ;	 16 ;	 2 ;	169 ;	 1
 19 ;	49 ;	0010-09-26T09:15:14 ;	1 ;	  6 ;	 1
 20 ;	53 ;	0010-10-02T20:15:28 ;	5 ;	158 ;	 2 ;	167 ;	 2 ;	 92 ;	 1 ;	 47 ;	 7 ;	 73 ;	 1
 21 ;	91 ;	0010-11-07T01:31:47 ;	4 ;	197 ;	 1 ;	 63 ;	 5 ;	165 ;	 1 ;	 33 ;	 1
 22 ;	47 ;	0010-11-28T13:29:17 ;	4 ;	 79 ;	11 ;	171 ;	 6 ;	  2 ;	 5 ;	133 ;	 1
 23 ;	16 ;	0010-12-12T09:28:19 ;	4 ;	 42 ;	 1 ;	 48 ;	 1 ;	138 ;	 1 ;	186 ;	 1
 24 ;	36 ;	0011-01-02T22:21:21 ;	3 ;	139 ;	 1 ;	 10 ;	19 ;	 80 ;	 1
 25 ;	14 ;	0011-01-27T07:35:20 ;	5 ;	 88 ;	 1 ;	192 ;	 1 ;	 77 ;	 1 ;	113 ;	 3 ;	 23 ;	 5
 26 ;	87 ;	0011-03-25T05:58:31 ;	1 ;	186 ;	 1
 27 ;	44 ;	0011-03-31T02:27:47 ;	3 ;	 61 ;	 1 ;	 24 ;	 4 ;	 92 ;	 1
 28 ;	57 ;	0011-04-01T07:21:15 ;	5 ;	149 ;	 1 ;	 25 ;	 2 ;	182 ;	 5 ;	 29 ;	 1 ;	161 ;	 6
 29 ;	76 ;	0011-04-12T13:44:35 ;	3 ;	172 ;	 3 ;	  8 ;	 1 ;	 24 ;	 1
 30 ;	96 ;	0011-04-21T13:40:03 ;	4 ;	101 ;	 1 ;	143 ;	 3 ;	153 ;	 1 ;	 13 ;	 1
 31 ;	48 ;	0011-04-26T08:27:50 ;	3 ;	135 ;	 4 ;	 46 ;	 3 ;	 40 ;	 6
 32 ;	25 ;	0011-05-17T15:14:13 ;	4 ;	123 ;	 3 ;	121 ;	 1 ;	139 ;	 1 ;	187 ;	 1
 33 ;	59 ;	0011-05-27T20:11:25 ;	1 ;	 35 ;	 1
 34 ;	42 ;	0011-05-30T23:43:30 ;	5 ;	113 ;	14 ;	182 ;	 1 ;	 62 ;	 7 ;	 75 ;	 6 ;	188 ;	11
 35 ;	25 ;	0011-05-31T01:57:32 ;	1 ;	 33 ;	 2
 36 ;	44 ;	0011-06-03T12:57:08 ;	1 ;	 37 ;	 6
 37 ;	85 ;	0011-08-04T23:24:05 ;	4 ;	 93 ;	 5 ;	 94 ;	 1 ;	125 ;	 1 ;	 11 ;	 6
 38 ;	48 ;	0011-08-31T11:02:48 ;	5 ;	  8 ;	 2 ;	111 ;	 1 ;	197 ;	 1 ;	 53 ;	 2 ;	191 ;	 5
 39 ;	72 ;	0011-09-13T08:31:30 ;	2 ;	 68 ;	 1 ;	198 ;	 1
 40 ;	 1 ;	0011-10-11T17:52:23 ;	5 ;	 57 ;	 1 ;	138 ;	 4 ;	145 ;	 1 ;	135 ;	 1 ;	130 ;	 1
 41 ;	26 ;	0011-10-25T08:26:11 ;	4 ;	 64 ;	 1 ;	152 ;	 7 ;	143 ;	 1 ;	 89 ;	 6
 42 ;	37 ;	0011-12-02T05:28:16 ;	5 ;	150 ;	10 ;	 39 ;	 2 ;	 89 ;	 1 ;	123 ;	10 ;	 69 ;	 9
 43 ;	56 ;	0011-12-30T13:38:57 ;	5 ;	  7 ;	 4 ;	121 ;	 1 ;	128 ;	 1 ;	 49 ;	 1 ;	 42 ;	 2
 44 ;	32 ;	0012-01-01T17:08:51 ;	4 ;	103 ;	 1 ;	 38 ;	 1 ;	154 ;	 1 ;	 89 ;	 1
 45 ;	50 ;	0012-01-11T11:33:06 ;	5 ;	125 ;	 1 ;	 31 ;	 3 ;	156 ;	 1 ;	163 ;	 3 ;	180 ;	 1
 46 ;	31 ;	0012-01-13T09:44:50 ;	3 ;	126 ;	 6 ;	 19 ;	10 ;	 44 ;	 1
 47 ;	78 ;	0012-01-17T14:56:55 ;	3 ;	 78 ;	 9 ;	 97 ;	 3 ;	126 ;	 1
 48 ;	61 ;	0012-03-14T03:36:29 ;	4 ;	 23 ;	 8 ;	 52 ;	 7 ;	111 ;	 3 ;	133 ;	 9
 49 ;	17 ;	0012-03-19T22:45:21 ;	4 ;	155 ;	 8 ;	116 ;	 8 ;	 96 ;	 1 ;	105 ;	 4
 50 ;	23 ;	0012-03-30T15:49:36 ;	5 ;	169 ;	 1 ;	 67 ;	 6 ;	179 ;	 5 ;	 22 ;	 1 ;	 63 ;	 5
 51 ;	72 ;	0012-04-27T00:57:58 ;	1 ;	121 ;	 6
 52 ;	68 ;	0012-05-01T22:53:33 ;	5 ;	 87 ;	 1 ;	149 ;	 1 ;	 18 ;	 3 ;	189 ;	 8 ;	100 ;	 5
 53 ;	69 ;	0012-05-20T07:21:50 ;	4 ;	101 ;	 7 ;	147 ;	13 ;	 79 ;	 5 ;	 34 ;	 2
 54 ;	76 ;	0012-05-27T21:21:18 ;	1 ;	115 ;	 3
 55 ;	41 ;	0012-06-03T23:02:26 ;	4 ;	199 ;	 6 ;	186 ;	 7 ;	 32 ;	 4 ;	135 ;	 1
 56 ;	35 ;	0012-06-28T21:05:15 ;	4 ;	 45 ;	 1 ;	 92 ;	 8 ;	100 ;	 4 ;	 41 ;	 1
 57 ;	73 ;	0012-07-01T13:21:55 ;	3 ;	151 ;	 1 ;	148 ;	 3 ;	171 ;	 1
 58 ;	66 ;	0012-07-22T08:42:00 ;	2 ;	 37 ;	 7 ;	138 ;	 1
 59 ;	 0 ;	0012-07-31T16:43:01 ;	1 ;	185 ;	 1
 60 ;	22 ;	0012-08-11T07:22:14 ;	4 ;	170 ;	 3 ;	180 ;	 1 ;	 41 ;	 1 ;	188 ;	10
 61 ;	53 ;	0012-08-16T22:07:46 ;	4 ;	143 ;	 1 ;	 37 ;	 3 ;	 74 ;	 7 ;	 35 ;	 1
 62 ;	59 ;	0012-08-23T23:12:36 ;	5 ;	118 ;	 1 ;	  6 ;	 1 ;	 89 ;	 1 ;	117 ;	 8 ;	 70 ;	 1
 63 ;	19 ;	0012-09-03T18:51:27 ;	2 ;	123 ;	 7 ;	156 ;	 1
 64 ;	22 ;	0012-11-27T15:14:07 ;	5 ;	 99 ;	 1 ;	  8 ;	 1 ;	128 ;	 6 ;	177 ;	 8 ;	 70 ;	 3
 65 ;	90 ;	0012-12-09T11:50:25 ;	5 ;	155 ;	 1 ;	 59 ;	 3 ;	135 ;	 3 ;	 83 ;	 1 ;	 95 ;	 1
 66 ;	73 ;	0012-12-18T16:07:24 ;	5 ;	131 ;	 1 ;	105 ;	 1 ;	179 ;	 1 ;	140 ;	 1 ;	 29 ;	 7
 67 ;	61 ;	0012-12-26T08:28:46 ;	1 ;	 26 ;	 2
 68 ;	52 ;	0013-03-04T23:44:36 ;	2 ;	114 ;	 6 ;	 96 ;	15
 69 ;	91 ;	0013-03-29T12:08:45 ;	2 ;	 97 ;	 1 ;	124 ;	 5
 70 ;	 4 ;	0013-04-13T05:31:07 ;	2 ;	126 ;	 7 ;	113 ;	 2
 71 ;	95 ;	0013-04-19T02:22:26 ;	5 ;	 42 ;	 2 ;	119 ;	13 ;	 97 ;	15 ;	182 ;	 8 ;	 64 ;	 1
 72 ;	 0 ;	0013-04-26T18:02:26 ;	2 ;	 61 ;	 4 ;	133 ;	 1
 73 ;	27 ;	0013-04-26T20:56:17 ;	1 ;	 78 ;	 7
 74 ;	65 ;	0013-05-10T05:14:44 ;	1 ;	 22 ;	 2
 75 ;	 1 ;	0013-06-13T17:15:01 ;	3 ;	 59 ;	 1 ;	 63 ;	 1 ;	122 ;	 8
 76 ;	11 ;	0013-07-24T22:28:42 ;	3 ;	161 ;	 5 ;	195 ;	 3 ;	122 ;	 1
 77 ;	91 ;	0013-07-29T07:37:20 ;	2 ;	 32 ;	 8 ;	 25 ;	 2
 78 ;	37 ;	0013-08-08T08:15:26 ;	2 ;	 41 ;	14 ;	 26 ;	 4
 79 ;	 1 ;	0013-08-17T17:20:52 ;	4 ;	151 ;	 1 ;	140 ;	 3 ;	 93 ;	 1 ;	173 ;	 1
 80 ;	93 ;	0013-09-05T04:03:39 ;	1 ;	153 ;	 1
 81 ;	31 ;	0013-10-23T17:55:11 ;	5 ;	 61 ;	 1 ;	106 ;	 1 ;	 43 ;	 1 ;	154 ;	 3 ;	 68 ;	 1
 82 ;	41 ;	0013-11-25T09:37:27 ;	4 ;	148 ;	 1 ;	 15 ;	 6 ;	 32 ;	 1 ;	180 ;	 2
 83 ;	17 ;	0013-12-13T11:04:15 ;	4 ;	190 ;	 3 ;	 10 ;	 1 ;	130 ;	 5 ;	151 ;	 6
 84 ;	35 ;	0014-01-17T19:19:40 ;	2 ;	  9 ;	 1 ;	  8 ;	 9
 85 ;	26 ;	0014-03-09T09:41:42 ;	5 ;	179 ;	 1 ;	169 ;	 1 ;	190 ;	 8 ;	 61 ;	 1 ;	 89 ;	 1
 86 ;	34 ;	0014-03-11T11:13:34 ;	2 ;	 89 ;	 7 ;	129 ;	 9
 87 ;	11 ;	0014-04-02T06:50:00 ;	2 ;	 81 ;	 1 ;	167 ;	 1
 88 ;	47 ;	0014-04-22T04:07:47 ;	1 ;	 99 ;	 1
 89 ;	16 ;	0014-05-30T05:22:14 ;	1 ;	 15 ;	 8
 90 ;	78 ;	0014-06-21T19:56:45 ;	5 ;	 19 ;	 8 ;	 85 ;	 1 ;	 77 ;	 1 ;	167 ;	 4 ;	101 ;	 1
 91 ;	84 ;	0014-06-24T05:24:32 ;	5 ;	163 ;	 1 ;	 48 ;	 3 ;	112 ;	 4 ;	156 ;	 1 ;	175 ;	 6
 92 ;	86 ;	0014-07-14T04:06:15 ;	4 ;	 21 ;	 7 ;	143 ;	 5 ;	 25 ;	 9 ;	  8 ;	 1
 93 ;	43 ;	0014-07-19T14:43:34 ;	3 ;	188 ;	 2 ;	139 ;	 1 ;	 95 ;	 1
 94 ;	 9 ;	0014-07-20T14:13:03 ;	4 ;	 77 ;	 5 ;	 19 ;	 1 ;	 70 ;	 2 ;	 55 ;	 1
 95 ;	64 ;	0014-08-16T01:36:14 ;	4 ;	151 ;	 1 ;	 36 ;	 1 ;	 99 ;	 7 ;	115 ;	 4
 96 ;	29 ;	0014-09-29T10:02:59 ;	3 ;	 92 ;	 2 ;	119 ;	 1 ;	 17 ;	 1
 97 ;	20 ;	0014-10-20T04:50:36 ;	2 ;	186 ;	 7 ;	179 ;	 1
 98 ;	78 ;	0014-11-08T01:25:01 ;	3 ;	197 ;	 2 ;	133 ;	 5 ;	176 ;	 1
 99 ;	30 ;	0014-12-05T03:34:58 ;	5 ;	170 ;	 4 ;	165 ;	 6 ;	110 ;	 1 ;	194 ;	 4 ;	125 ;	 1
100 ;	94 ;	0014-12-10T23:27:09 ;	5 ;	 89 ;	 1 ;	 24 ;	 4 ;	 81 ;	 1 ;	 91 ;	 1 ;	 68 ;	 1
101 ;	63 ;	0014-12-19T07:07:25 ;	5 ;	107 ;	 8 ;	 48 ;	 2 ;	 64 ;	 7 ;	190 ;	 5 ;	 75 ;	 3
102 ;	53 ;	0014-12-31T06:39:06 ;	3 ;	 79 ;	 9 ;	 74 ;	 8 ;	 70 ;	 1
103 ;	63 ;	0015-02-03T02:11:22 ;	2 ;	146 ;	 1 ;	 87 ;	 1
104 ;	 2 ;	0015-03-02T04:12:42 ;	5 ;	106 ;	 1 ;	  5 ;	 1 ;	100 ;	15 ;	110 ;	 1 ;	 77 ;	10
105 ;	 5 ;	0015-03-03T21:28:50 ;	4 ;	197 ;	 1 ;	180 ;	 1 ;	 48 ;	 1 ;	145 ;	 5
106 ;	45 ;	0015-03-05T21:22:46 ;	3 ;	176 ;	 3 ;	 18 ;	 2 ;	 95 ;	 5
107 ;	92 ;	0015-03-10T21:55:52 ;	3 ;	153 ;	 3 ;	 88 ;	 5 ;	110 ;	 1
108 ;	88 ;	0015-03-15T02:35:48 ;	1 ;	 18 ;	 8
109 ;	36 ;	0015-03-18T07:49:02 ;	4 ;	 48 ;	 5 ;	115 ;	 1 ;	 32 ;	 1 ;	 38 ;	13
110 ;	38 ;	0015-03-23T00:26:59 ;	1 ;	 53 ;	 1
111 ;	69 ;	0015-04-17T09:14:28 ;	1 ;	192 ;	 3
112 ;	45 ;	0015-05-11T13:52:45 ;	3 ;	191 ;	 5 ;	 18 ;	 4 ;	 75 ;	 1
113 ;	31 ;	0015-05-31T08:02:30 ;	1 ;	149 ;	 3
114 ;	50 ;	0015-07-06T20:16:13 ;	2 ;	 91 ;	 1 ;	 57 ;	 1
115 ;	40 ;	0015-07-18T03:13:03 ;	2 ;	160 ;	 1 ;	 77 ;	 2
116 ;	52 ;	0015-07-25T05:58:02 ;	2 ;	117 ;	 3 ;	198 ;	 1
117 ;	23 ;	0015-08-16T08:24:33 ;	5 ;	121 ;	 6 ;	114 ;	 1 ;	125 ;	 1 ;	166 ;	 3 ;	 33 ;	 3
118 ;	79 ;	0015-08-22T22:23:40 ;	3 ;	130 ;	 1 ;	140 ;	 5 ;	 75 ;	 5
119 ;	34 ;	0015-08-30T00:06:24 ;	4 ;	 41 ;	 1 ;	113 ;	 7 ;	 81 ;	 1 ;	155 ;	 1
120 ;	32 ;	0015-08-30T12:38:33 ;	2 ;	147 ;	 1 ;	 40 ;	 4
121 ;	60 ;	0015-09-15T10:32:43 ;	3 ;	  7 ;	 4 ;	103 ;	 3 ;	 28 ;	 1
122 ;	30 ;	0015-09-18T04:49:49 ;	3 ;	195 ;	 1 ;	 98 ;	 1 ;	152 ;	 4
123 ;	84 ;	0015-09-21T19:19:25 ;	2 ;	125 ;	 8 ;	123 ;	 1
124 ;	65 ;	0015-09-26T16:52:46 ;	3 ;	 31 ;	 2 ;	134 ;	 6 ;	 99 ;	 3
125 ;	 2 ;	0015-09-29T05:05:34 ;	4 ;	164 ;	10 ;	158 ;	 1 ;	172 ;	 1 ;	 16 ;	 1
126 ;	47 ;	0015-11-02T14:40:55 ;	4 ;	 48 ;	 1 ;	179 ;	 1 ;	191 ;	 1 ;	177 ;	 1
127 ;	46 ;	0015-11-09T16:58:18 ;	4 ;	 21 ;	 2 ;	 29 ;	 3 ;	138 ;	 2 ;	 72 ;	 5
128 ;	76 ;	0015-11-14T06:42:44 ;	2 ;	  5 ;	 1 ;	 90 ;	 1
129 ;	39 ;	0015-12-23T19:11:16 ;	5 ;	 73 ;	 3 ;	186 ;	 4 ;	123 ;	 1 ;	 35 ;	 7 ;	141 ;	 7
130 ;	67 ;	0015-12-25T03:28:21 ;	3 ;	 57 ;	 4 ;	117 ;	 8 ;	 33 ;	 2
131 ;	 8 ;	0015-12-27T08:41:43 ;	1 ;	149 ;	 1
132 ;	91 ;	0016-01-02T20:03:41 ;	3 ;	177 ;	 8 ;	 95 ;	 1 ;	  3 ;	 1
133 ;	50 ;	0016-02-04T19:02:41 ;	5 ;	167 ;	 1 ;	146 ;	 4 ;	176 ;	 1 ;	 54 ;	 2 ;	 99 ;	 7
134 ;	37 ;	0016-02-21T18:23:40 ;	2 ;	105 ;	 1 ;	 60 ;	 5
135 ;	84 ;	0016-02-28T22:37:52 ;	3 ;	125 ;	 1 ;	168 ;	 2 ;	197 ;	 5
136 ;	94 ;	0016-03-03T18:19:39 ;	3 ;	138 ;	 1 ;	 98 ;	11 ;	 41 ;	 5
137 ;	27 ;	0016-03-14T03:25:26 ;	4 ;	118 ;	 7 ;	151 ;	 1 ;	 78 ;	 1 ;	140 ;	 1
138 ;	32 ;	0016-03-18T16:15:16 ;	5 ;	  6 ;	 1 ;	 43 ;	 4 ;	186 ;	 3 ;	120 ;	 8 ;	 54 ;	 2
139 ;	 8 ;	0016-04-07T19:59:55 ;	1 ;	198 ;	 3
140 ;	57 ;	0016-04-19T11:13:37 ;	1 ;	 18 ;	14
141 ;	26 ;	0016-04-27T00:02:03 ;	4 ;	 65 ;	 4 ;	177 ;	 6 ;	  0 ;	 1 ;	 17 ;	 2
142 ;	27 ;	0016-06-25T08:52:17 ;	1 ;	112 ;	 1
143 ;	76 ;	0016-06-27T23:10:48 ;	3 ;	  1 ;	 1 ;	 21 ;	 6 ;	 60 ;	 3
144 ;	56 ;	0016-07-12T01:48:52 ;	2 ;	174 ;	 1 ;	196 ;	 1
145 ;	81 ;	0016-08-04T06:14:52 ;	1 ;	 43 ;	 1
146 ;	33 ;	0016-08-16T09:49:52 ;	3 ;	175 ;	 1 ;	 80 ;	 1 ;	145 ;	 1
147 ;	67 ;	0016-08-29T06:11:29 ;	5 ;	 75 ;	 1 ;	 73 ;	 1 ;	 90 ;	 3 ;	174 ;	 3 ;	167 ;	 1
148 ;	65 ;	0016-09-03T16:37:03 ;	2 ;	  8 ;	 7 ;	 10 ;	 5
149 ;	 1 ;	0016-09-07T17:52:29 ;	2 ;	 92 ;	 1 ;	 47 ;	 4
150 ;	 8 ;	0016-09-09T00:14:02 ;	5 ;	 90 ;	 1 ;	 18 ;	 1 ;	154 ;	 2 ;	153 ;	 1 ;	 76 ;	 1
151 ;	52 ;	0016-09-19T22:10:57 ;	2 ;	 76 ;	 1 ;	 79 ;	 4
152 ;	90 ;	0016-09-25T17:41:51 ;	5 ;	 97 ;	 3 ;	 84 ;	 3 ;	 77 ;	 3 ;	176 ;	 1 ;	121 ;	 5
153 ;	 7 ;	0016-10-09T01:14:58 ;	2 ;	 46 ;	 7 ;	 56 ;	 1
154 ;	 3 ;	0016-10-21T20:07:56 ;	2 ;	185 ;	 2 ;	 52 ;	11
155 ;	28 ;	0016-11-10T20:10:59 ;	1 ;	184 ;	 1
156 ;	17 ;	0016-11-11T07:30:12 ;	5 ;	189 ;	 3 ;	 68 ;	 1 ;	 61 ;	 2 ;	137 ;	 6 ;	 22 ;	 1
157 ;	14 ;	0016-11-17T03:25:23 ;	5 ;	 14 ;	 9 ;	194 ;	 1 ;	 67 ;	 1 ;	  3 ;	 1 ;	108 ;	 1
158 ;	70 ;	0016-11-29T17:52:34 ;	3 ;	 88 ;	 6 ;	 53 ;	 1 ;	  0 ;	 4
159 ;	85 ;	0016-12-24T17:31:34 ;	3 ;	 72 ;	 7 ;	 56 ;	 1 ;	 22 ;	 1
160 ;	75 ;	0017-01-03T13:33:59 ;	3 ;	120 ;	 1 ;	151 ;	 9 ;	 55 ;	 3
161 ;	10 ;	0017-01-07T02:26:43 ;	2 ;	181 ;	 1 ;	118 ;	 6
162 ;	69 ;	0017-01-13T04:09:44 ;	1 ;	 25 ;	17
163 ;	49 ;	0017-02-08T02:10:46 ;	2 ;	 51 ;	 4 ;	156 ;	 1
164 ;	10 ;	0017-02-16T05:07:56 ;	3 ;	116 ;	 1 ;	  8 ;	 3 ;	175 ;	 1
165 ;	57 ;	0017-03-30T17:19:24 ;	4 ;	 43 ;	 7 ;	117 ;	 1 ;	 53 ;	 2 ;	 46 ;	11
166 ;	79 ;	0017-04-13T17:05:31 ;	4 ;	184 ;	 7 ;	182 ;	 1 ;	 84 ;	 1 ;	 66 ;	 1
167 ;	74 ;	0017-06-20T00:06:21 ;	3 ;	  7 ;	 1 ;	 50 ;	 2 ;	 74 ;	 1
168 ;	83 ;	0017-07-18T00:53:26 ;	3 ;	110 ;	 6 ;	149 ;	11 ;	137 ;	 4
169 ;	86 ;	0017-07-22T01:37:49 ;	5 ;	 85 ;	 5 ;	 17 ;	 4 ;	180 ;	 3 ;	138 ;	 6 ;	145 ;	 1
170 ;	39 ;	0017-07-27T18:37:04 ;	1 ;	 99 ;	 1
171 ;	54 ;	0017-07-30T01:35:12 ;	1 ;	 30 ;	 1
172 ;	10 ;	0017-08-04T22:43:15 ;	3 ;	  1 ;	 1 ;	102 ;	 1 ;	107 ;	 3
173 ;	67 ;	0017-08-14T09:32:44 ;	4 ;	 93 ;	 2 ;	179 ;	 1 ;	118 ;	 1 ;	197 ;	 1
174 ;	26 ;	0017-09-01T18:49:28 ;	2 ;	 17 ;	 1 ;	 48 ;	 4
175 ;	 9 ;	0017-09-03T08:58:42 ;	3 ;	 65 ;	 1 ;	119 ;	 7 ;	198 ;	 1
176 ;	68 ;	0017-09-08T18:17:42 ;	3 ;	165 ;	 1 ;	189 ;	14 ;	134 ;	 1
177 ;	65 ;	0017-09-15T05:55:40 ;	4 ;	 54 ;	 1 ;	149 ;	 1 ;	164 ;	 6 ;	 34 ;	 2
178 ;	55 ;	0017-10-20T00:21:53 ;	2 ;	156 ;	 7 ;	  6 ;	 1
179 ;	27 ;	0017-11-10T04:34:30 ;	2 ;	 89 ;	 6 ;	188 ;	 8
180 ;	20 ;	0017-12-05T15:58:34 ;	1 ;	125 ;	 2
181 ;	 1 ;	0017-12-24T16:54:42 ;	5 ;	 70 ;	 1 ;	153 ;	 1 ;	 85 ;	 1 ;	  6 ;	 3 ;	 94 ;	 3
182 ;	32 ;	0017-12-26T20:41:32 ;	2 ;	 69 ;	 1 ;	 62 ;	 1
183 ;	45 ;	0017-12-31T16:39:32 ;	1 ;	 56 ;	 1
184 ;	29 ;	0018-01-03T16:32:56 ;	2 ;	124 ;	 1 ;	 48 ;	 4
185 ;	63 ;	0018-01-07T05:35:34 ;	2 ;	  3 ;	 1 ;	153 ;	 1
186 ;	44 ;	0018-01-09T08:24:33 ;	2 ;	154 ;	 1 ;	 68 ;	 1
187 ;	94 ;	0018-01-12T09:35:54 ;	5 ;	 98 ;	 1 ;	 99 ;	 1 ;	184 ;	 1 ;	 84 ;	 1 ;	 72 ;	 8
188 ;	41 ;	0018-01-12T14:41:55 ;	4 ;	 23 ;	 1 ;	 26 ;	 1 ;	140 ;	 4 ;	 39 ;	 3
189 ;	 9 ;	0018-01-21T00:19:17 ;	2 ;	 99 ;	 1 ;	 15 ;	 1
190 ;	50 ;	0018-02-14T07:58:33 ;	5 ;	138 ;	 9 ;	106 ;	 5 ;	188 ;	 3 ;	180 ;	 9 ;	159 ;	 1
191 ;	51 ;	0018-02-22T13:16:11 ;	5 ;	 43 ;	 3 ;	185 ;	 1 ;	 96 ;	 3 ;	 80 ;	 1 ;	 96 ;	 1
192 ;	45 ;	0018-02-28T12:13:32 ;	2 ;	136 ;	 2 ;	167 ;	 1
193 ;	36 ;	0018-03-14T11:13:09 ;	5 ;	 34 ;	 1 ;	 17 ;	 6 ;	 68 ;	 1 ;	148 ;	 1 ;	 32 ;	 1
194 ;	14 ;	0018-03-21T17:21:57 ;	1 ;	 78 ;	 3
195 ;	77 ;	0018-04-01T16:25:42 ;	5 ;	 40 ;	 1 ;	 82 ;	 3 ;	103 ;	 8 ;	  4 ;	 1 ;	 16 ;	 1
196 ;	26 ;	0018-04-07T10:08:16 ;	4 ;	  8 ;	 1 ;	 99 ;	 4 ;	178 ;	 2 ;	117 ;	 1
197 ;	87 ;	0018-04-24T20:43:46 ;	3 ;	179 ;	 1 ;	127 ;	 3 ;	144 ;	 1
198 ;	52 ;	0018-05-06T21:37:03 ;	2 ;	 89 ;	 1 ;	 52 ;	 1
199 ;	59 ;	0018-05-07T18:05:15 ;	5 ;	 15 ;	 5 ;	122 ;	 5 ;	131 ;	 1 ;	166 ;	 4 ;	  7 ;	 7
200 ;	10 ;	0018-05-16T10:35:32 ;	1 ;	115 ;	 1
201 ;	71 ;	0018-05-20T18:57:09 ;	4 ;	104 ;	 1 ;	 98 ;	 1 ;	141 ;	 8 ;	 26 ;	 3
202 ;	44 ;	0018-05-27T05:22:53 ;	5 ;	120 ;	 3 ;	190 ;	 7 ;	158 ;	 1 ;	144 ;	 6 ;	161 ;	 5
203 ;	88 ;	0018-06-08T02:42:17 ;	2 ;	 52 ;	 4 ;	180 ;	 1
204 ;	57 ;	0018-06-13T21:09:38 ;	5 ;	139 ;	 4 ;	152 ;	 1 ;	103 ;	 8 ;	 40 ;	 1 ;	122 ;	 1
205 ;	49 ;	0018-06-29T05:25:30 ;	4 ;	172 ;	 1 ;	 88 ;	 1 ;	 66 ;	 1 ;	 75 ;	 2
206 ;	75 ;	0018-07-16T17:15:56 ;	3 ;	 68 ;	 5 ;	 89 ;	 1 ;	 79 ;	 1
207 ;	87 ;	0018-07-29T02:26:50 ;	4 ;	184 ;	 1 ;	  3 ;	 1 ;	 89 ;	 1 ;	104 ;	 2
208 ;	96 ;	0018-08-03T09:30:25 ;	5 ;	154 ;	 1 ;	 66 ;	 1 ;	168 ;	 2 ;	 52 ;	 1 ;	 73 ;	 4
209 ;	63 ;	0018-09-11T15:44:53 ;	5 ;	194 ;	 1 ;	 51 ;	 1 ;	 93 ;	 1 ;	185 ;	 1 ;	100 ;	 1
210 ;	81 ;	0018-10-17T13:28:25 ;	3 ;	153 ;	 6 ;	174 ;	 1 ;	 55 ;	 2
211 ;	38 ;	0018-10-23T21:26:39 ;	3 ;	 33 ;	 1 ;	198 ;	 4 ;	195 ;	 7
212 ;	94 ;	0018-11-14T07:20:53 ;	2 ;	152 ;	 7 ;	 49 ;	 5
213 ;	12 ;	0018-11-28T18:15:56 ;	3 ;	193 ;	 2 ;	103 ;	 1 ;	107 ;	 1
214 ;	20 ;	0018-12-04T18:35:54 ;	3 ;	 27 ;	 1 ;	140 ;	 5 ;	145 ;	 2
215 ;	15 ;	0018-12-31T09:11:13 ;	1 ;	 93 ;	 6
216 ;	81 ;	0018-12-31T16:23:39 ;	1 ;	157 ;	 1
217 ;	90 ;	0019-01-18T13:23:16 ;	4 ;	 53 ;	 1 ;	 15 ;	 1 ;	126 ;	 1 ;	 58 ;	 1
218 ;	30 ;	0019-01-26T17:40:05 ;	2 ;	 44 ;	 9 ;	129 ;	 7
219 ;	81 ;	0019-03-31T11:03:32 ;	4 ;	 41 ;	 2 ;	  2 ;	 5 ;	 76 ;	 1 ;	194 ;	 1
220 ;	43 ;	0019-04-22T16:55:32 ;	2 ;	112 ;	 1 ;	 56 ;	 9
221 ;	84 ;	0019-05-07T10:19:08 ;	4 ;	195 ;	 3 ;	169 ;	 5 ;	193 ;	 1 ;	 70 ;	 8
222 ;	 0 ;	0019-05-16T21:21:50 ;	1 ;	111 ;	 1
223 ;	89 ;	0019-07-15T09:57:25 ;	3 ;	101 ;	12 ;	137 ;	 4 ;	198 ;	 1
224 ;	88 ;	0019-08-19T00:56:36 ;	3 ;	 29 ;	 2 ;	171 ;	 1 ;	 62 ;	15
225 ;	17 ;	0019-08-31T19:48:46 ;	5 ;	 72 ;	 1 ;	 25 ;	 1 ;	123 ;	 1 ;	176 ;	 1 ;	135 ;	 1
226 ;	53 ;	0019-09-24T04:00:05 ;	5 ;	 51 ;	 1 ;	  9 ;	 2 ;	 80 ;	 1 ;	 43 ;	 1 ;	130 ;	 5
227 ;	59 ;	0019-10-15T20:18:31 ;	4 ;	 64 ;	 4 ;	161 ;	 5 ;	 96 ;	 4 ;	169 ;	 3
228 ;	17 ;	0019-10-28T11:34:12 ;	5 ;	148 ;	 1 ;	 31 ;	10 ;	 81 ;	 4 ;	183 ;	 5 ;	178 ;	 1
229 ;	46 ;	0019-10-31T22:26:40 ;	1 ;	 93 ;	 1
230 ;	86 ;	0019-11-17T19:44:00 ;	4 ;	 71 ;	 8 ;	138 ;	 1 ;	 42 ;	 5 ;	 70 ;	 1
231 ;	30 ;	0019-11-27T20:00:06 ;	1 ;	116 ;	 1
232 ;	18 ;	0019-12-03T00:42:50 ;	2 ;	183 ;	 2 ;	176 ;	 5
233 ;	38 ;	0019-12-03T20:31:11 ;	4 ;	152 ;	 4 ;	 35 ;	 1 ;	 86 ;	 3 ;	118 ;	 1
234 ;	36 ;	0019-12-17T20:08:03 ;	4 ;	 44 ;	 1 ;	 10 ;	 1 ;	 12 ;	 1 ;	185 ;	 6
235 ;	64 ;	0019-12-20T06:25:12 ;	3 ;	 48 ;	 1 ;	155 ;	 1 ;	138 ;	 1
236 ;	43 ;	0020-01-03T14:18:37 ;	5 ;	140 ;	 1 ;	 15 ;	 4 ;	171 ;	 1 ;	164 ;	 1 ;	 25 ;	 7
237 ;	91 ;	0020-01-07T17:11:10 ;	4 ;	181 ;	 4 ;	 67 ;	 4 ;	 52 ;	 6 ;	171 ;	 1
238 ;	71 ;	0020-02-19T06:41:19 ;	2 ;	134 ;	 1 ;	126 ;	 3
239 ;	74 ;	0020-02-26T10:46:07 ;	4 ;	 34 ;	 4 ;	 39 ;	 1 ;	104 ;	 1 ;	194 ;	 1
240 ;	51 ;	0020-03-03T12:06:00 ;	3 ;	  6 ;	12 ;	 53 ;	 1 ;	157 ;	 7
241 ;	33 ;	0020-03-06T23:16:01 ;	1 ;	 73 ;	 1
242 ;	55 ;	0020-03-19T00:53:09 ;	5 ;	 64 ;	 1 ;	 41 ;	 1 ;	 39 ;	 1 ;	163 ;	 1 ;	 78 ;	10
243 ;	86 ;	0020-03-22T12:09:08 ;	1 ;	132 ;	 8
244 ;	10 ;	0020-03-25T03:06:39 ;	4 ;	  7 ;	 1 ;	162 ;	 2 ;	 28 ;	 1 ;	 29 ;	 1
245 ;	18 ;	0020-03-26T19:35:06 ;	3 ;	151 ;	10 ;	161 ;	 2 ;	132 ;	 1
246 ;	50 ;	0020-04-13T00:51:29 ;	2 ;	134 ;	 1 ;	175 ;	13
247 ;	75 ;	0020-04-18T13:02:03 ;	1 ;	 84 ;	 1
248 ;	46 ;	0020-04-22T00:19:19 ;	3 ;	 66 ;	 1 ;	 96 ;	 1 ;	 97 ;	 1
249 ;	26 ;	0020-06-19T03:59:40 ;	5 ;	180 ;	 1 ;	108 ;	 1 ;	  1 ;	 1 ;	  2 ;	 1 ;	 96 ;	 5
250 ;	 8 ;	0020-06-27T22:15:29 ;	4 ;	181 ;	 1 ;	 39 ;	 1 ;	146 ;	 1 ;	123 ;	 1
251 ;	88 ;	0020-07-01T22:58:39 ;	4 ;	 70 ;	 5 ;	 75 ;	 1 ;	 66 ;	 1 ;	194 ;	 1
252 ;	19 ;	0020-07-07T22:19:53 ;	5 ;	  2 ;	 8 ;	 20 ;	 1 ;	 39 ;	 1 ;	148 ;	 2 ;	 31 ;	 8
253 ;	79 ;	0020-07-21T00:11:11 ;	2 ;	130 ;	 4 ;	 86 ;	 1
254 ;	78 ;	0020-07-29T07:36:12 ;	5 ;	198 ;	 1 ;	147 ;	 1 ;	 75 ;	 1 ;	163 ;	 1 ;	115 ;	 3
255 ;	37 ;	0020-08-29T18:16:34 ;	3 ;	174 ;	 1 ;	  1 ;	 2 ;	 77 ;	 2
256 ;	 1 ;	0020-09-08T14:59:08 ;	4 ;	 75 ;	 4 ;	 34 ;	 8 ;	 62 ;	 1 ;	 78 ;	13
257 ;	27 ;	0020-09-16T19:51:00 ;	3 ;	109 ;	 7 ;	153 ;	 8 ;	188 ;	 1
258 ;	11 ;	0020-09-20T20:56:06 ;	5 ;	109 ;	 1 ;	 82 ;	 1 ;	 49 ;	 4 ;	173 ;	 3 ;	145 ;	 6
259 ;	82 ;	0020-09-21T00:42:07 ;	5 ;	 72 ;	 1 ;	154 ;	 5 ;	 43 ;	 1 ;	 99 ;	 1 ;	181 ;	 1
260 ;	43 ;	0020-09-29T01:15:07 ;	1 ;	181 ;	 1
261 ;	18 ;	0020-10-02T19:49:47 ;	4 ;	 74 ;	 1 ;	  3 ;	 1 ;	  1 ;	 3 ;	 66 ;	 5
262 ;	57 ;	0020-10-04T09:27:49 ;	5 ;	157 ;	 7 ;	131 ;	 1 ;	 10 ;	 1 ;	119 ;	14 ;	114 ;	 4
263 ;	96 ;	0020-10-13T10:48:46 ;	4 ;	 74 ;	 1 ;	107 ;	14 ;	 76 ;	 7 ;	 66 ;	 1
264 ;	36 ;	0020-11-01T21:38:10 ;	3 ;	 30 ;	 4 ;	 96 ;	 1 ;	 80 ;	 8
265 ;	36 ;	0020-11-06T08:00:39 ;	2 ;	186 ;	 1 ;	 48 ;	 1
266 ;	13 ;	0020-11-07T19:54:25 ;	2 ;	  8 ;	 7 ;	136 ;	 7
267 ;	43 ;	0020-12-09T21:06:11 ;	2 ;	190 ;	 1 ;	 21 ;	 1
268 ;	16 ;	0020-12-13T15:49:40 ;	5 ;	154 ;	 1 ;	190 ;	 3 ;	 69 ;	 2 ;	183 ;	 1 ;	155 ;	 1
269 ;	77 ;	0020-12-19T01:17:35 ;	2 ;	194 ;	 1 ;	 88 ;	 1
270 ;	14 ;	0021-01-03T18:07:58 ;	2 ;	152 ;	 1 ;	 23 ;	 1
271 ;	91 ;	0021-01-11T20:08:17 ;	4 ;	 98 ;	 2 ;	114 ;	 1 ;	169 ;	 2 ;	144 ;	 1
272 ;	68 ;	0021-02-01T08:24:56 ;	2 ;	 79 ;	 3 ;	 67 ;	 1
273 ;	75 ;	0021-03-03T20:36:30 ;	3 ;	 97 ;	11 ;	196 ;	 1 ;	  5 ;	 2
274 ;	 3 ;	0021-03-14T14:31:49 ;	4 ;	 95 ;	 3 ;	 69 ;	 4 ;	129 ;	 1 ;	186 ;	 4
275 ;	83 ;	0021-03-23T18:37:45 ;	4 ;	125 ;	 8 ;	 71 ;	 5 ;	177 ;	 6 ;	 90 ;	 1
276 ;	23 ;	0021-03-31T08:09:07 ;	4 ;	  6 ;	 8 ;	 40 ;	 2 ;	147 ;	 1 ;	187 ;	 1
277 ;	15 ;	0021-04-02T12:28:29 ;	2 ;	188 ;	 1 ;	163 ;	 1
278 ;	94 ;	0021-04-27T22:15:21 ;	5 ;	114 ;	 1 ;	180 ;	 1 ;	 39 ;	 1 ;	121 ;	 1 ;	140 ;	 6
279 ;	53 ;	0021-05-05T01:19:08 ;	1 ;	 16 ;	 5
280 ;	17 ;	0021-06-14T03:28:41 ;	3 ;	198 ;	 1 ;	 90 ;	10 ;	153 ;	 1
281 ;	36 ;	0021-07-02T22:49:43 ;	2 ;	108 ;	 1 ;	180 ;	 1
282 ;	34 ;	0021-07-24T20:20:12 ;	3 ;	130 ;	 1 ;	 44 ;	 3 ;	173 ;	 4
283 ;	34 ;	0021-07-28T03:07:17 ;	4 ;	120 ;	 5 ;	 58 ;	 4 ;	155 ;	 1 ;	185 ;	 6
284 ;	23 ;	0021-08-05T07:03:59 ;	3 ;	 79 ;	 8 ;	178 ;	 3 ;	 14 ;	 1
285 ;	 6 ;	0021-08-07T03:17:24 ;	2 ;	 86 ;	 4 ;	 92 ;	 2
286 ;	34 ;	0021-09-17T22:53:08 ;	5 ;	 62 ;	 1 ;	 67 ;	 1 ;	 68 ;	 1 ;	 58 ;	 1 ;	177 ;	 6
287 ;	24 ;	0021-09-25T14:03:20 ;	5 ;	144 ;	 6 ;	199 ;	 3 ;	155 ;	 1 ;	 86 ;	 1 ;	 84 ;	 1
288 ;	89 ;	0021-09-30T10:25:13 ;	2 ;	168 ;	 6 ;	 81 ;	 4
289 ;	76 ;	0021-11-16T17:51:58 ;	2 ;	159 ;	 1 ;	 94 ;	 1
290 ;	67 ;	0021-12-19T20:03:31 ;	5 ;	171 ;	 7 ;	148 ;	 2 ;	123 ;	 1 ;	 60 ;	 1 ;	187 ;	 5
291 ;	28 ;	0022-01-11T16:39:35 ;	2 ;	 21 ;	 2 ;	149 ;	 1
292 ;	84 ;	0022-02-07T21:37:29 ;	5 ;	133 ;	10 ;	189 ;	 3 ;	108 ;	 2 ;	 85 ;	 1 ;	101 ;	 6
293 ;	85 ;	0022-03-18T00:25:30 ;	3 ;	125 ;	 2 ;	192 ;	 1 ;	 16 ;	 8
294 ;	12 ;	0022-04-11T14:08:53 ;	2 ;	121 ;	 1 ;	  3 ;	 1
295 ;	88 ;	0022-04-25T07:43:40 ;	2 ;	163 ;	 1 ;	165 ;	 2
296 ;	47 ;	0022-05-18T04:45:49 ;	4 ;	 76 ;	 4 ;	154 ;	 1 ;	 49 ;	 9 ;	171 ;	 1
297 ;	 2 ;	0022-05-21T06:00:51 ;	5 ;	130 ;	16 ;	172 ;	 3 ;	136 ;	 4 ;	177 ;	 1 ;	182 ;	 6
298 ;	11 ;	0022-05-26T04:36:33 ;	4 ;	 31 ;	 1 ;	118 ;	 1 ;	 74 ;	 8 ;	169 ;	 7
299 ;	72 ;	0022-06-01T17:38:40 ;	1 ;	 22 ;	 8
300 ;	37 ;	0022-06-13T11:30:02 ;	1 ;	187 ;	 1
301 ;	75 ;	0022-06-26T10:38:03 ;	2 ;	 33 ;	 5 ;	  1 ;	 1
302 ;	75 ;	0022-06-30T03:25:10 ;	5 ;	 20 ;	 1 ;	 68 ;	 1 ;	160 ;	13 ;	 52 ;	 9 ;	  9 ;	 1
303 ;	96 ;	0022-07-11T23:27:47 ;	5 ;	 53 ;	 6 ;	 66 ;	 2 ;	157 ;	 1 ;	180 ;	 1 ;	175 ;	 1
304 ;	11 ;	0022-08-22T09:19:41 ;	2 ;	127 ;	 1 ;	 76 ;	 6
305 ;	30 ;	0022-08-27T01:18:24 ;	3 ;	 69 ;	 1 ;	 62 ;	 1 ;	 65 ;	 3
306 ;	90 ;	0022-09-01T12:39:47 ;	5 ;	  4 ;	 8 ;	 36 ;	 1 ;	182 ;	10 ;	  5 ;	 1 ;	 19 ;	 3
307 ;	90 ;	0022-09-06T07:39:32 ;	1 ;	 30 ;	 1
308 ;	92 ;	0022-09-07T19:52:52 ;	3 ;	116 ;	 4 ;	189 ;	10 ;	197 ;	 2
309 ;	45 ;	0022-09-22T08:15:47 ;	3 ;	157 ;	 1 ;	199 ;	14 ;	 12 ;	 1
310 ;	61 ;	0022-09-23T22:56:55 ;	4 ;	148 ;	 1 ;	 65 ;	 7 ;	 98 ;	 1 ;	151 ;	 1
311 ;	86 ;	0022-10-26T01:28:31 ;	4 ;	 25 ;	 1 ;	 97 ;	 4 ;	158 ;	 1 ;	 18 ;	 1
312 ;	68 ;	0022-11-04T15:42:05 ;	4 ;	123 ;	 5 ;	122 ;	11 ;	155 ;	 1 ;	128 ;	 1
313 ;	75 ;	0022-11-05T01:31:08 ;	1 ;	 92 ;	 1
314 ;	86 ;	0022-12-01T01:51:14 ;	5 ;	113 ;	 1 ;	181 ;	 1 ;	165 ;	 3 ;	158 ;	 1 ;	118 ;	 5
315 ;	33 ;	0022-12-20T06:08:15 ;	5 ;	174 ;	 1 ;	111 ;	 2 ;	149 ;	 1 ;	 65 ;	 2 ;	 73 ;	 8
316 ;	74 ;	0023-01-02T03:31:55 ;	2 ;	129 ;	 2 ;	169 ;	 3
317 ;	96 ;	0023-01-16T08:34:24 ;	4 ;	149 ;	 3 ;	 74 ;	 1 ;	 42 ;	 1 ;	 73 ;	 1
318 ;	24 ;	0023-01-24T05:06:01 ;	5 ;	118 ;	 8 ;	144 ;	 5 ;	139 ;	 7 ;	 30 ;	 1 ;	114 ;	11
319 ;	30 ;	0023-02-07T13:57:50 ;	5 ;	 71 ;	 4 ;	142 ;	 1 ;	182 ;	 1 ;	 72 ;	 1 ;	171 ;	 1
320 ;	59 ;	0023-02-13T13:21:58 ;	3 ;	 95 ;	 7 ;	 35 ;	 1 ;	 16 ;	 4
321 ;	90 ;	0023-02-14T04:34:08 ;	3 ;	178 ;	 1 ;	 63 ;	 1 ;	129 ;	 1
322 ;	92 ;	0023-02-14T23:41:30 ;	4 ;	100 ;	 1 ;	104 ;	 7 ;	 48 ;	 1 ;	145 ;	 3
323 ;	13 ;	0023-03-03T04:02:04 ;	5 ;	141 ;	 1 ;	 65 ;	 1 ;	 50 ;	 1 ;	101 ;	 5 ;	147 ;	 1
324 ;	75 ;	0023-03-15T06:59:26 ;	5 ;	 17 ;	 3 ;	123 ;	 2 ;	 64 ;	 1 ;	132 ;	 1 ;	158 ;	 1
325 ;	38 ;	0023-03-22T22:52:30 ;	4 ;	167 ;	 2 ;	 39 ;	 2 ;	192 ;	 1 ;	187 ;	 1
326 ;	52 ;	0023-04-09T00:13:41 ;	2 ;	 29 ;	 1 ;	 23 ;	 1
327 ;	58 ;	0023-04-18T14:56:06 ;	3 ;	100 ;	 1 ;	142 ;	 1 ;	167 ;	 1
328 ;	43 ;	0023-06-19T12:42:13 ;	3 ;	 26 ;	 1 ;	110 ;	 1 ;	100 ;	 7
329 ;	76 ;	0023-08-03T11:31:32 ;	3 ;	 83 ;	14 ;	 65 ;	 1 ;	 11 ;	 2
330 ;	22 ;	0023-08-19T14:40:13 ;	5 ;	110 ;	 1 ;	 18 ;	 1 ;	 49 ;	 6 ;	182 ;	 2 ;	129 ;	 4
331 ;	37 ;	0023-08-24T21:27:28 ;	1 ;	153 ;	 1
332 ;	54 ;	0023-08-29T07:03:11 ;	5 ;	180 ;	 2 ;	115 ;	 8 ;	 91 ;	 1 ;	 58 ;	 9 ;	 79 ;	 1
333 ;	45 ;	0023-09-14T11:19:07 ;	2 ;	130 ;	 1 ;	161 ;	 9
334 ;	 7 ;	0023-09-18T02:50:31 ;	4 ;	  8 ;	 3 ;	146 ;	 8 ;	 61 ;	 3 ;	 84 ;	 1
335 ;	14 ;	0023-09-20T10:23:38 ;	2 ;	 55 ;	 1 ;	140 ;	 8
336 ;	53 ;	0023-09-20T18:01:46 ;	3 ;	143 ;	 1 ;	 66 ;	 1 ;	 17 ;	 1
337 ;	72 ;	0023-10-01T20:51:32 ;	5 ;	132 ;	 1 ;	 34 ;	 9 ;	189 ;	 7 ;	135 ;	 3 ;	175 ;	 1
338 ;	71 ;	0023-10-02T15:46:40 ;	4 ;	140 ;	 6 ;	186 ;	 1 ;	158 ;	 1 ;	 53 ;	 1
339 ;	15 ;	0023-10-29T13:04:58 ;	3 ;	187 ;	 1 ;	 75 ;	 1 ;	 13 ;	 3
340 ;	54 ;	0023-10-31T07:35:02 ;	5 ;	 70 ;	 8 ;	 11 ;	 1 ;	 97 ;	11 ;	 76 ;	 3 ;	 44 ;	 9
341 ;	43 ;	0024-01-20T14:23:09 ;	4 ;	176 ;	 1 ;	133 ;	 8 ;	192 ;	 6 ;	  2 ;	 1
342 ;	29 ;	0024-02-19T15:02:16 ;	2 ;	171 ;	 1 ;	125 ;	15
343 ;	23 ;	0024-02-25T18:18:53 ;	4 ;	144 ;	 1 ;	 35 ;	 1 ;	 71 ;	 6 ;	108 ;	 1
344 ;	85 ;	0024-02-28T23:51:00 ;	2 ;	 43 ;	 1 ;	 63 ;	 1
345 ;	73 ;	0024-03-03T15:56:36 ;	4 ;	 20 ;	 1 ;	 29 ;	 1 ;	156 ;	 6 ;	176 ;	 1
346 ;	67 ;	0024-03-08T22:16:10 ;	4 ;	  3 ;	 3 ;	 10 ;	 1 ;	 61 ;	 7 ;	133 ;	 1
347 ;	 1 ;	0024-03-12T08:34:52 ;	3 ;	105 ;	 1 ;	 10 ;	12 ;	 31 ;	 5
348 ;	44 ;	0024-06-27T15:44:20 ;	1 ;	115 ;	 1
349 ;	39 ;	0024-07-25T16:50:55 ;	2 ;	120 ;	 4 ;	187 ;	 1
350 ;	35 ;	0024-07-27T00:31:28 ;	1 ;	173 ;	 1
351 ;	68 ;	0024-07-28T20:35:20 ;	3 ;	180 ;	 1 ;	 15 ;	10 ;	 61 ;	 4
352 ;	53 ;	0024-08-03T23:06:11 ;	4 ;	  5 ;	 5 ;	 52 ;	 1 ;	135 ;	 6 ;	144 ;	 1
353 ;	57 ;	0024-08-07T04:52:16 ;	1 ;	 21 ;	 2
354 ;	93 ;	0024-08-17T23:06:43 ;	2 ;	 63 ;	10 ;	189 ;	 1
355 ;	 0 ;	0024-08-23T04:01:52 ;	5 ;	126 ;	 1 ;	 38 ;	 1 ;	 19 ;	 1 ;	 56 ;	12 ;	 40 ;	 2
356 ;	 3 ;	0024-08-30T07:12:44 ;	1 ;	 42 ;	 1
357 ;	82 ;	0024-08-31T04:44:57 ;	4 ;	 65 ;	 3 ;	123 ;	 1 ;	  6 ;	 5 ;	191 ;	 2
358 ;	14 ;	0024-09-03T11:30:48 ;	2 ;	 34 ;	 1 ;	151 ;	 1
359 ;	14 ;	0024-09-05T19:29:07 ;	2 ;	 25 ;	 2 ;	146 ;	11
360 ;	91 ;	0024-10-15T18:19:20 ;	1 ;	169 ;	 1
361 ;	31 ;	0024-11-15T05:36:50 ;	4 ;	110 ;	 6 ;	158 ;	 1 ;	 66 ;	 1 ;	 59 ;	 1
362 ;	72 ;	0024-11-29T17:40:03 ;	5 ;	114 ;	 6 ;	 88 ;	 5 ;	 22 ;	 1 ;	 32 ;	 6 ;	  2 ;	 1
363 ;	90 ;	0024-12-15T20:58:25 ;	5 ;	 84 ;	 3 ;	 40 ;	 1 ;	150 ;	 1 ;	140 ;	 1 ;	152 ;	 3
364 ;	47 ;	0025-01-01T17:17:18 ;	1 ;	138 ;	12
365 ;	33 ;	0025-01-14T22:54:29 ;	4 ;	 34 ;	 1 ;	 45 ;	 3 ;	  1 ;	 2 ;	  7 ;	 2
366 ;	66 ;	0025-03-03T09:10:41 ;	5 ;	 48 ;	 2 ;	 80 ;	 2 ;	163 ;	 8 ;	 59 ;	 3 ;	  2 ;	 1
367 ;	72 ;	0025-03-05T02:39:49 ;	3 ;	132 ;	 8 ;	 73 ;	 9 ;	142 ;	 9
368 ;	 1 ;	0025-03-18T10:11:44 ;	1 ;	 69 ;	 1
369 ;	52 ;	0025-04-19T18:15:19 ;	5 ;	154 ;	 1 ;	 61 ;	 1 ;	164 ;	 2 ;	134 ;	 1 ;	  2 ;	 1
370 ;	69 ;	0025-05-14T07:32:21 ;	2 ;	165 ;	 6 ;	 29 ;	 2
371 ;	35 ;	0025-06-14T13:04:53 ;	3 ;	112 ;	 1 ;	 72 ;	 4 ;	 25 ;	15
372 ;	86 ;	0025-07-05T14:42:17 ;	5 ;	191 ;	 1 ;	  7 ;	 4 ;	 44 ;	 1 ;	164 ;	 7 ;	 38 ;	 1
373 ;	52 ;	0025-07-28T08:26:02 ;	4 ;	 10 ;	 7 ;	104 ;	 1 ;	158 ;	 2 ;	  3 ;	 3
374 ;	33 ;	0025-07-30T04:11:16 ;	4 ;	 79 ;	 1 ;	185 ;	 1 ;	  8 ;	 9 ;	 44 ;	 1
375 ;	30 ;	0025-08-20T22:43:34 ;	1 ;	183 ;	13
376 ;	58 ;	0025-08-26T10:18:45 ;	3 ;	 92 ;	 1 ;	153 ;	18 ;	 19 ;	 1
377 ;	38 ;	0025-09-12T18:46:53 ;	5 ;	 89 ;	 1 ;	143 ;	 1 ;	172 ;	 5 ;	 97 ;	 1 ;	 67 ;	 1
378 ;	47 ;	0025-09-20T01:08:22 ;	1 ;	 50 ;	 1
379 ;	91 ;	0025-09-21T12:41:02 ;	3 ;	153 ;	 1 ;	178 ;	 1 ;	153 ;	 1
380 ;	56 ;	0025-10-15T14:39:46 ;	4 ;	130 ;	 7 ;	 71 ;	 3 ;	185 ;	 1 ;	 10 ;	 1
381 ;	63 ;	0025-10-21T14:58:07 ;	2 ;	 79 ;	 1 ;	 91 ;	 5
382 ;	18 ;	0025-11-04T09:48:38 ;	4 ;	 58 ;	 1 ;	181 ;	 4 ;	126 ;	 1 ;	 38 ;	 1
383 ;	16 ;	0025-11-06T07:45:18 ;	3 ;	174 ;	 3 ;	 97 ;	 1 ;	 84 ;	12
384 ;	75 ;	0025-11-08T00:29:45 ;	1 ;	142 ;	 3
385 ;	79 ;	0025-11-25T09:02:46 ;	3 ;	148 ;	 1 ;	 85 ;	 2 ;	120 ;	 1
386 ;	71 ;	0025-11-26T20:48:41 ;	2 ;	 44 ;	 2 ;	198 ;	 1
387 ;	50 ;	0026-01-06T03:50:47 ;	1 ;	 39 ;	 1
388 ;	34 ;	0026-01-19T08:18:43 ;	2 ;	 38 ;	10 ;	 89 ;	 4
389 ;	39 ;	0026-01-25T02:32:10 ;	5 ;	  0 ;	 1 ;	115 ;	 6 ;	 88 ;	 2 ;	 64 ;	 1 ;	190 ;	 1
390 ;	63 ;	0026-01-25T20:32:35 ;	5 ;	198 ;	 1 ;	  2 ;	 2 ;	131 ;	 1 ;	115 ;	 4 ;	 21 ;	 1
391 ;	84 ;	0026-01-27T23:06:54 ;	2 ;	100 ;	 1 ;	150 ;	 1
392 ;	25 ;	0026-02-07T18:19:18 ;	4 ;	 67 ;	 2 ;	 68 ;	 1 ;	 91 ;	 8 ;	153 ;	11
393 ;	23 ;	0026-02-09T06:43:52 ;	2 ;	191 ;	 1 ;	 58 ;	 1
394 ;	86 ;	0026-02-27T09:05:16 ;	1 ;	 26 ;	 1
395 ;	50 ;	0026-03-24T01:28:08 ;	5 ;	162 ;	 1 ;	 35 ;	 5 ;	174 ;	 1 ;	117 ;	 1 ;	 31 ;	 2
396 ;	49 ;	0026-04-03T20:35:53 ;	5 ;	 77 ;	 6 ;	159 ;	 1 ;	 71 ;	 1 ;	 62 ;	 4 ;	159 ;	12
397 ;	74 ;	0026-04-08T12:15:10 ;	5 ;	 21 ;	 5 ;	116 ;	 1 ;	  1 ;	 1 ;	 21 ;	 1 ;	178 ;	 1
398 ;	25 ;	0026-04-20T16:44:24 ;	2 ;	  5 ;	 5 ;	110 ;	12
399 ;	40 ;	0026-05-12T23:27:25 ;	3 ;	152 ;	 5 ;	108 ;	 2 ;	 31 ;	 1
400 ;	 3 ;	0026-05-18T16:02:25 ;	5 ;	 59 ;	 7 ;	195 ;	 2 ;	157 ;	 1 ;	 77 ;	 1 ;	 23 ;	 1
401 ;	44 ;	0026-06-08T08:42:36 ;	2 ;	163 ;	 1 ;	193 ;	 4
402 ;	83 ;	0026-06-09T01:00:20 ;	4 ;	 49 ;	 6 ;	 16 ;	 1 ;	 84 ;	 8 ;	139 ;	 1
403 ;	35 ;	0026-06-15T12:37:49 ;	3 ;	195 ;	 3 ;	163 ;	 7 ;	182 ;	 8
404 ;	20 ;	0026-06-19T23:39:36 ;	5 ;	111 ;	 8 ;	124 ;	 1 ;	159 ;	 1 ;	 59 ;	 6 ;	116 ;	 4
405 ;	83 ;	0026-07-20T19:08:17 ;	4 ;	172 ;	13 ;	 99 ;	 4 ;	 36 ;	 6 ;	139 ;	 2
406 ;	39 ;	0026-07-29T09:28:36 ;	1 ;	162 ;	 1
407 ;	65 ;	0026-09-15T09:30:06 ;	3 ;	151 ;	 1 ;	 85 ;	 4 ;	104 ;	 2
408 ;	17 ;	0026-09-22T11:20:20 ;	5 ;	179 ;	 1 ;	 70 ;	 1 ;	168 ;	 1 ;	 45 ;	 2 ;	154 ;	 7
409 ;	45 ;	0026-10-14T23:23:40 ;	1 ;	 29 ;	 1
410 ;	70 ;	0026-10-19T13:12:59 ;	2 ;	105 ;	 4 ;	 83 ;	 1
411 ;	66 ;	0026-10-23T13:14:15 ;	3 ;	 81 ;	 7 ;	111 ;	 1 ;	 31 ;	 6
412 ;	58 ;	0026-10-29T02:13:21 ;	2 ;	 19 ;	 1 ;	 97 ;	 1
413 ;	31 ;	0026-11-21T20:22:53 ;	1 ;	134 ;	 5
414 ;	39 ;	0026-11-24T11:48:42 ;	1 ;	 70 ;	 1
415 ;	 8 ;	0026-11-28T01:42:33 ;	1 ;	 72 ;	 8
416 ;	30 ;	0027-01-03T15:43:06 ;	4 ;	112 ;	 1 ;	176 ;	 3 ;	 19 ;	 9 ;	  4 ;	 1
417 ;	13 ;	0027-01-30T07:53:10 ;	5 ;	 86 ;	 7 ;	 34 ;	 1 ;	157 ;	 1 ;	182 ;	 5 ;	 11 ;	 1
418 ;	57 ;	0027-04-08T17:00:07 ;	2 ;	 15 ;	 1 ;	 98 ;	 1
419 ;	24 ;	0027-05-06T19:58:36 ;	5 ;	 58 ;	 1 ;	174 ;	 4 ;	195 ;	 5 ;	 55 ;	 1 ;	 34 ;	 1
420 ;	56 ;	0027-05-20T01:10:20 ;	2 ;	128 ;	 1 ;	 74 ;	 4
421 ;	 9 ;	0027-05-30T01:05:08 ;	3 ;	138 ;	 5 ;	 64 ;	 5 ;	 34 ;	 1
422 ;	72 ;	0027-06-13T02:55:51 ;	4 ;	138 ;	 1 ;	 98 ;	 1 ;	 96 ;	 4 ;	 89 ;	 3
423 ;	42 ;	0027-06-21T04:19:19 ;	1 ;	 37 ;	 1
424 ;	20 ;	0027-06-24T07:38:53 ;	5 ;	124 ;	 1 ;	 24 ;	 1 ;	 41 ;	 1 ;	160 ;	 1 ;	 65 ;	 2
425 ;	61 ;	0027-06-25T12:34:59 ;	2 ;	 50 ;	 1 ;	 51 ;	 6
426 ;	17 ;	0027-06-27T23:38:39 ;	5 ;	171 ;	 1 ;	172 ;	 1 ;	150 ;	 1 ;	 95 ;	 6 ;	 30 ;	 1
427 ;	20 ;	0027-07-02T18:49:08 ;	4 ;	 50 ;	 1 ;	178 ;	 1 ;	 28 ;	 6 ;	 16 ;	 1
428 ;	90 ;	0027-07-19T22:43:08 ;	4 ;	192 ;	 1 ;	 17 ;	 2 ;	187 ;	 2 ;	102 ;	 1
429 ;	 5 ;	0027-08-24T09:19:05 ;	4 ;	 38 ;	 5 ;	 94 ;	 6 ;	115 ;	 4 ;	139 ;	 1
430 ;	 4 ;	0027-08-27T13:49:36 ;	4 ;	175 ;	 3 ;	 31 ;	 3 ;	 66 ;	 1 ;	187 ;	 2
431 ;	33 ;	0027-09-25T09:26:22 ;	5 ;	174 ;	 2 ;	122 ;	 1 ;	149 ;	 1 ;	138 ;	 1 ;	130 ;	 6
432 ;	50 ;	0027-10-15T11:49:42 ;	1 ;	 82 ;	 1
433 ;	66 ;	0027-10-21T12:15:03 ;	3 ;	170 ;	 3 ;	114 ;	 1 ;	 23 ;	 5
434 ;	45 ;	0027-10-30T16:51:02 ;	2 ;	172 ;	 5 ;	115 ;	 8
435 ;	31 ;	0027-10-31T23:48:15 ;	4 ;	173 ;	 1 ;	171 ;	 1 ;	 12 ;	 1 ;	190 ;	13
436 ;	72 ;	0027-12-15T20:12:24 ;	5 ;	 37 ;	 1 ;	104 ;	 1 ;	 92 ;	 1 ;	186 ;	11 ;	 79 ;	 1
437 ;	62 ;	0027-12-31T21:34:17 ;	2 ;	190 ;	 2 ;	181 ;	 1
438 ;	12 ;	0027-12-31T22:19:11 ;	3 ;	 10 ;	 1 ;	 81 ;	 3 ;	 25 ;	 2
439 ;	 5 ;	0028-01-04T08:58:14 ;	2 ;	118 ;	 1 ;	 25 ;	11
440 ;	63 ;	0028-01-16T08:27:58 ;	2 ;	170 ;	 5 ;	 40 ;	 1
441 ;	 6 ;	0028-01-20T22:24:53 ;	4 ;	173 ;	 1 ;	186 ;	 6 ;	 24 ;	 5 ;	 21 ;	 7
442 ;	 9 ;	0028-01-22T02:32:14 ;	5 ;	179 ;	 4 ;	129 ;	 1 ;	 90 ;	 5 ;	120 ;	 1 ;	187 ;	 5
443 ;	 1 ;	0028-02-03T04:53:22 ;	2 ;	182 ;	11 ;	 32 ;	 2
444 ;	 6 ;	0028-02-03T12:48:26 ;	5 ;	172 ;	 1 ;	198 ;	 1 ;	 82 ;	 1 ;	 93 ;	 1 ;	 44 ;	 1
445 ;	24 ;	0028-02-21T14:11:58 ;	4 ;	134 ;	 1 ;	105 ;	 1 ;	197 ;	 3 ;	151 ;	 1
446 ;	38 ;	0028-02-24T08:36:27 ;	2 ;	 16 ;	 3 ;	101 ;	 9
447 ;	53 ;	0028-03-11T02:13:58 ;	4 ;	151 ;	 9 ;	127 ;	 3 ;	 46 ;	 1 ;	 16 ;	 1
448 ;	34 ;	0028-03-18T00:03:33 ;	2 ;	175 ;	 1 ;	107 ;	 6
449 ;	21 ;	0028-03-18T17:36:06 ;	4 ;	140 ;	 1 ;	 34 ;	14 ;	138 ;	 8 ;	 33 ;	 7
450 ;	 0 ;	0028-03-30T21:08:17 ;	4 ;	 73 ;	 1 ;	144 ;	 1 ;	 61 ;	 1 ;	 85 ;	 1
451 ;	 3 ;	0028-04-22T21:17:46 ;	4 ;	124 ;	 1 ;	 71 ;	 1 ;	179 ;	 1 ;	 87 ;	 1
452 ;	 2 ;	0028-05-05T07:17:20 ;	1 ;	 84 ;	 1
453 ;	58 ;	0028-05-13T09:15:30 ;	5 ;	 25 ;	10 ;	112 ;	 1 ;	 46 ;	 2 ;	 12 ;	 4 ;	137 ;	 7
454 ;	23 ;	0028-05-17T03:06:09 ;	4 ;	180 ;	 3 ;	120 ;	 3 ;	 10 ;	 9 ;	141 ;	 9
455 ;	43 ;	0028-05-19T15:03:17 ;	5 ;	 53 ;	 2 ;	 45 ;	 1 ;	 17 ;	 1 ;	112 ;	 2 ;	 12 ;	 1
456 ;	 7 ;	0028-05-23T08:11:57 ;	2 ;	104 ;	11 ;	178 ;	 1
457 ;	34 ;	0028-05-25T15:50:35 ;	4 ;	 10 ;	 6 ;	 99 ;	 1 ;	 87 ;	 2 ;	 71 ;	 4
458 ;	13 ;	0028-06-06T06:26:41 ;	4 ;	145 ;	 1 ;	 39 ;	 3 ;	 28 ;	 1 ;	133 ;	 7
459 ;	52 ;	0028-06-21T09:46:56 ;	1 ;	137 ;	 1
460 ;	70 ;	0028-07-23T03:03:32 ;	1 ;	105 ;	 5
461 ;	 7 ;	0028-07-29T00:17:43 ;	2 ;	 12 ;	 1 ;	 33 ;	15
462 ;	36 ;	0028-09-12T20:45:40 ;	4 ;	 25 ;	 1 ;	129 ;	 1 ;	 30 ;	 8 ;	151 ;	11
463 ;	74 ;	0028-09-16T04:23:46 ;	2 ;	115 ;	 3 ;	 49 ;	 8
464 ;	92 ;	0028-09-29T10:28:45 ;	3 ;	195 ;	15 ;	 47 ;	 3 ;	 87 ;	 1